<?xml version="1.1" encoding="UTF-8"?>
<expression:EMFExpression xmi:version="2.0" xmlns:xmi="http://www.omg.org/XMI" xmlns:expression="http:///expression.ecore" id="tMap_1=>" expression="row2.Timestamp.getSeconds()">
  <variables name="row2.Timestamp" value="null" talendType="id_Date"/>
  <variables name="row2.Age" value="0" talendType="id_Integer"/>
  <variables name="row2.Gender" value="null" talendType="id_String"/>
  <variables name="row2.Country" value="null" talendType="id_String"/>
  <variables name="row2.state" value="null" talendType="id_String"/>
  <variables name="row2.self_employed" value="null" talendType="id_String"/>
  <variables name="row2.family_history" value="null" talendType="id_String"/>
  <variables name="row2.treatment" value="null" talendType="id_String"/>
  <variables name="row2.work_interfere" value="null" talendType="id_String"/>
  <variables name="row2.no_employees" value="null" talendType="id_String"/>
  <variables name="row2.remote_work" value="null" talendType="id_String"/>
  <variables name="row2.tech_company" value="null" talendType="id_String"/>
  <variables name="row2.benefits" value="null" talendType="id_String"/>
  <variables name="row2.care_options" value="null" talendType="id_String"/>
  <variables name="row2.wellness_program" value="null" talendType="id_String"/>
  <variables name="row2.seek_help" value="null" talendType="id_String"/>
  <variables name="row2.anonymity" value="null" talendType="id_String"/>
  <variables name="row2.leave" value="null" talendType="id_String"/>
  <variables name="row2.mental_health_consequence" value="null" talendType="id_String"/>
  <variables name="row2.phys_health_consequence" value="null" talendType="id_String"/>
  <variables name="row2.coworkers" value="null" talendType="id_String"/>
  <variables name="row2.supervisor" value="null" talendType="id_String"/>
  <variables name="row2.mental_health_interview" value="null" talendType="id_String"/>
  <variables name="row2.phys_health_interview" value="null" talendType="id_String"/>
  <variables name="row2.mental_vs_physical" value="null" talendType="id_String"/>
  <variables name="row2.obs_consequence" value="null" talendType="id_String"/>
  <variables name="row2.comments" value="null" talendType="id_String"/>
</expression:EMFExpression>
